CREATE TABLE UNIVERSITY (
    UNIVERSITY_ID NUMBER PRIMARY KEY,
    NAME VARCHAR2(100)
);

CREATE TABLE DEPARTMENT (
    DEPT_ID NUMBER PRIMARY KEY,
    NAME VARCHAR2(100),
    BUILDING VARCHAR2(50),
    BUDGET NUMBER(12,2),
    UNIVERSITY_ID NUMBER,
    FOREIGN KEY (UNIVERSITY_ID) REFERENCES UNIVERSITY(UNIVERSITY_ID)
);

CREATE TABLE INSTRUCTOR (
    INSTRUCTOR_ID NUMBER PRIMARY KEY,
    NAME VARCHAR2(100),
    DEPT_ID NUMBER,
    IS_HOD CHAR(1),
    SALARY NUMBER(10,2),
    FOREIGN KEY (DEPT_ID) REFERENCES DEPARTMENT(DEPT_ID)
);

CREATE TABLE STUDENT (
    STUDENT_ID NUMBER PRIMARY KEY,
    NAME VARCHAR2(100),
    TOT_CRED NUMBER
);

CREATE TABLE COURSE (
    COURSE_ID VARCHAR2(10) PRIMARY KEY,
    TITLE VARCHAR2(100),
    DEPT_ID NUMBER,
    CREDITS NUMBER
);

CREATE TABLE SECTION (
    SECTION_ID NUMBER PRIMARY KEY,
    COURSE_ID VARCHAR2(10),
    SEMESTER NUMBER,
    YEAR NUMBER,
    BUILDING VARCHAR2(50),
    ROOM_NUMBER VARCHAR2(10),
    TIME_SLOT_ID VARCHAR2(10)
);

CREATE TABLE TEACHES (
    INSTRUCTOR_ID NUMBER,
    SECTION_ID NUMBER
);

CREATE TABLE TAKES (
    STUDENT_ID NUMBER,
    SECTION_ID NUMBER,
    GRADE VARCHAR2(2)
);

CREATE TABLE TIME_SLOT (
    TIME_SLOT_ID VARCHAR2(10),
    DAY CHAR(1),
    START_DATE DATE,
    END_DATE DATE
);

CREATE TABLE CLASSROOM (
    BUILDING VARCHAR2(50),
    ROOM_NUMBER VARCHAR2(10),
    CAPACITY NUMBER
);

INSERT INTO UNIVERSITY VALUES (1,'Indian Institute of Technology Delhi');
INSERT INTO UNIVERSITY VALUES (2,'National Institute of Technology Trichy');
INSERT INTO UNIVERSITY VALUES (3,'Delhi University');
INSERT INTO UNIVERSITY VALUES (4,'Vellore Institute of Technology');
INSERT INTO UNIVERSITY VALUES (5,'Anna University');
INSERT INTO UNIVERSITY VALUES (6,'Indian Institute of Science Bangalore');
INSERT INTO UNIVERSITY VALUES (7,'Jawaharlal Nehru University');
INSERT INTO UNIVERSITY VALUES (8,'Birla Institute of Technology and Science');
INSERT INTO UNIVERSITY VALUES (9,'Amity University');
INSERT INTO UNIVERSITY VALUES (10,'Banaras Hindu University');
INSERT INTO UNIVERSITY VALUES (11,'Manipal Institute of Technology');
INSERT INTO UNIVERSITY VALUES (12,'Lovely Professional University');
INSERT INTO UNIVERSITY VALUES (13,'Thapar Institute of Engineering');
INSERT INTO UNIVERSITY VALUES (14,'PES University');
INSERT INTO UNIVERSITY VALUES (15,'SRM Institute of Science and Technology');

INSERT INTO DEPARTMENT VALUES (101,'Computer Science','CS Block',120800,1);
INSERT INTO DEPARTMENT VALUES (102,'Mechanical Engineering','ME Block',110800,2);
INSERT INTO DEPARTMENT VALUES (103,'Electrical Engineering','EE Block',115000,3);
INSERT INTO DEPARTMENT VALUES (104,'Civil Engineering','CE Block',90000,4);
INSERT INTO DEPARTMENT VALUES (105,'Mathematics','Math Block',95000,5);
INSERT INTO DEPARTMENT VALUES (106,'Physics','Physics Lab',98800,6);
INSERT INTO DEPARTMENT VALUES (107,'Chemistry','Chem Block',97800,7);
INSERT INTO DEPARTMENT VALUES (108,'Biotechnology','Bio Block',102000,8);
INSERT INTO DEPARTMENT VALUES (109,'Electronics','E Block',99000,9);
INSERT INTO DEPARTMENT VALUES (110,'English','Language Block',85000,10);
INSERT INTO DEPARTMENT VALUES (111,'Economics','Eco Block',80800,11);
INSERT INTO DEPARTMENT VALUES (112,'History','History Block',87800,12);
INSERT INTO DEPARTMENT VALUES (113,'Management','Mgmt Block',160800,13);
INSERT INTO DEPARTMENT VALUES (114,'Philosophy','Phil Block',83000,14);
INSERT INTO DEPARTMENT VALUES (115,'Law','Law Block',98800,15);

INSERT INTO INSTRUCTOR VALUES (201,'Ravi Kumar',101,'Y',95000);
INSERT INTO INSTRUCTOR VALUES (202,'Anita Sharma',101,'N',90000);
INSERT INTO INSTRUCTOR VALUES (203,'Suresh Reddy',102,'Y',92668);
INSERT INTO INSTRUCTOR VALUES (204,'Priya Singh',102,'N',88880);
INSERT INTO INSTRUCTOR VALUES (205,'Vikram Patel',103,'Y',94068);
INSERT INTO INSTRUCTOR VALUES (206,'Neha Gupta',103,'N',89868);
INSERT INTO INSTRUCTOR VALUES (207,'Arjun Mehta',104,'Y',91688);
INSERT INTO INSTRUCTOR VALUES (208,'Kavita Joshi',104,'N',87688);
INSERT INTO INSTRUCTOR VALUES (209,'Rohit Verma',105,'Y',93000);
INSERT INTO INSTRUCTOR VALUES (210,'Meera Nair',105,'N',88666);
INSERT INTO INSTRUCTOR VALUES (211,'Amit Singh',106,'Y',94668);
INSERT INTO INSTRUCTOR VALUES (212,'Sneha Rathi',106,'N',90088);
INSERT INTO INSTRUCTOR VALUES (213,'Rahul Bhatia',107,'Y',91000);
INSERT INTO INSTRUCTOR VALUES (214,'Divya Kapoor',107,'N',87666);
INSERT INTO INSTRUCTOR VALUES (215,'Manish Choudhary',108,'Y',92000);

INSERT INTO COURSE VALUES ('CS101','Programming Basics',101,4);
INSERT INTO COURSE VALUES ('CS102','Data Structures',101,4);
INSERT INTO COURSE VALUES ('ME101','Thermodynamics',102,3);
INSERT INTO COURSE VALUES ('ME102','Fluid Mechanics',102,3);
INSERT INTO COURSE VALUES ('EE101','Circuit Theory',103,3);
INSERT INTO COURSE VALUES ('EE102','Digital Electronics',103,3);
INSERT INTO COURSE VALUES ('CE101','Structural Analysis',104,3);
INSERT INTO COURSE VALUES ('CE102','Surveying',104,3);
INSERT INTO COURSE VALUES ('MATH101','Calculus I',105,4);
INSERT INTO COURSE VALUES ('MATH102','Linear Algebra',105,4);
INSERT INTO COURSE VALUES ('PHY101','Mechanics',106,3);
INSERT INTO COURSE VALUES ('PHY102','Electromagnetism',106,3);
INSERT INTO COURSE VALUES ('CHEM101','Organic Chemistry',107,3);
INSERT INTO COURSE VALUES ('BIO101','Genetics',108,3);
INSERT INTO COURSE VALUES ('EE103','Control Systems',103,3);

UPDATE INSTRUCTOR
SET SALARY = SALARY * 1.10
WHERE DEPT_ID IN (
    SELECT DEPT_ID FROM DEPARTMENT WHERE NAME = 'Computer Science'
);

DELETE FROM COURSE
WHERE COURSE_ID NOT IN (
    SELECT DISTINCT COURSE_ID FROM SECTION
);

DELETE FROM INSTRUCTOR
WHERE DEPT_ID IN (
    SELECT DEPT_ID FROM DEPARTMENT WHERE BUILDING = 'Watson'
);

UPDATE INSTRUCTOR
SET SALARY = SALARY * 1.85
WHERE SALARY < 100000;
